INSERT INTO USERS (ID) VALUES (1);
INSERT INTO USERS (ID) VALUES (2);
INSERT INTO USERS (ID) VALUES (3);

INSERT INTO USER_BALANCE (USER_ID, BALANCE) VALUES (1, 100);
INSERT INTO USER_BALANCE (USER_ID, BALANCE) VALUES (2, 200);
INSERT INTO USER_BALANCE (USER_ID, BALANCE) VALUES (3, 300);

INSERT INTO PRODUCTS(ID, PRICE, NAME) VALUES (1, 10, 'Product 1');
INSERT INTO PRODUCTS(ID, PRICE, NAME) VALUES (2, 20, 'Product 2');
INSERT INTO PRODUCTS(ID, PRICE, NAME) VALUES (3, 30, 'Product 3');
INSERT INTO PRODUCTS(ID, PRICE, NAME) VALUES (4, 40, 'Product 4');
INSERT INTO PRODUCTS(ID, PRICE, NAME) VALUES (5, 50, 'Product 5');
INSERT INTO PRODUCTS(ID, PRICE, NAME) VALUES (6, 60, 'Product 6');
INSERT INTO PRODUCTS(ID, PRICE, NAME) VALUES (7, 70, 'Product 7');
INSERT INTO PRODUCTS(ID, PRICE, NAME) VALUES (8, 80, 'Product 8');
INSERT INTO PRODUCTS(ID, PRICE, NAME) VALUES (9, 90, 'Product 9');
INSERT INTO PRODUCTS(ID, PRICE, NAME) VALUES (10, 100, 'Product 10');

INSERT INTO PRODUCT_STOCK(PRODUCT_ID, STOCK) VALUES (1, 10);
INSERT INTO PRODUCT_STOCK(PRODUCT_ID, STOCK) VALUES (2, 9);
INSERT INTO PRODUCT_STOCK(PRODUCT_ID, STOCK) VALUES (3, 8);
INSERT INTO PRODUCT_STOCK(PRODUCT_ID, STOCK) VALUES (4, 7);
INSERT INTO PRODUCT_STOCK(PRODUCT_ID, STOCK) VALUES (5, 6);
INSERT INTO PRODUCT_STOCK(PRODUCT_ID, STOCK) VALUES (6, 5);
INSERT INTO PRODUCT_STOCK(PRODUCT_ID, STOCK) VALUES (7, 4);
INSERT INTO PRODUCT_STOCK(PRODUCT_ID, STOCK) VALUES (8, 3);
INSERT INTO PRODUCT_STOCK(PRODUCT_ID, STOCK) VALUES (9, 2);
INSERT INTO PRODUCT_STOCK(PRODUCT_ID, STOCK) VALUES (10, 1);